{
  "meta": {
    "version": 1,
    "generatedAt": "2025-10-22T00:06:31.517Z",
    "provider": "sqlite"
  },
  "tables": {
    "users": [
      {
        "id": "cmgzx6r8u0000m4135lgystop",
        "email": "admin",
        "name": "Yönetici",
        "createdAt": "2025-10-21T02:03:06.222Z",
        "updatedAt": "2025-10-21T02:03:06.222Z"
      }
    ],
    "posts": [],
    "campaigns": [
      {
        "id": "cmgybw3mf0000m4llivb96hfp",
        "title": "Slot Oyunları Festivali",
        "slug": "slot-oyunlari-festivali",
        "description": "Popüler slot oyunlarında özel fırsatlar.Aenean ipsum nisi, mollis et pretium non, aliquet in diam. Suspendisse facilisis diam nec pulvinar sagittis. Maecenas volutpat libero libero, at lacinia lacus condimentum id. Etiam egestas et tellus in pulvinar. Etiam interdum ante vel eros efficitur posuere. Vestibulum molestie mauris sed convallis finibus. Pellentesque vulputate nunc massa, id hendrerit ipsum scelerisque faucibus. Mauris aliquet, sem vel lobortis facilisis, justo sapien sodales erat, eu elementum lectus orci quis lectus. Morbi eu eros vel massa pharetra ultricies. Sed quam purus, vestibulum nec lacus quis, suscipit mollis diam. In finibus convallis porta. Aliquam lobortis egestas libero nec vulputate. Sed vitae libero sit amet mauris mattis tempor.\n\nAenean ipsum nisi, mollis et pretium non, aliquet in diam. Suspendisse facilisis diam nec pulvinar sagittis. Maecenas volutpat libero libero, at lacinia lacus condimentum id. Etiam egestas et tellus in pulvinar. Etiam interdum ante vel eros efficitur posuere. Vestibulum molestie mauris sed convallis finibus. Pellentesque vulputate nunc massa, id hendrerit ipsum scelerisque faucibus. Mauris aliquet, sem vel lobortis facilisis, justo sapien sodales erat, eu elementum lectus orci quis lectus. Morbi eu eros vel massa pharetra ultricies. Sed quam purus, vestibulum nec lacus quis, suscipit mollis diam. In finibus convallis porta. Aliquam lobortis egestas libero nec vulputate. Sed vitae libero sit amet mauris mattis tempor.\n\n",
        "imageUrl": "/uploads/1760742348493-0kyvvulnmrb.png",
        "ctaUrl": "https://example.com/campaign/slot",
        "badgeLabel": null,
        "bonusText": null,
        "bonusAmount": null,
        "tags": [],
        "startDate": null,
        "endDate": null,
        "isActive": true,
        "isFeatured": true,
        "priority": 10,
        "createdAt": "2025-10-19T23:19:10.936Z",
        "updatedAt": "2025-10-21T02:06:45.229Z"
      },
      {
        "id": "cmgybw3mh0001m4llsxefp64s",
        "title": "Bahis Sitesi A Hoşgeldin Kampanyası",
        "slug": "bahis-sitesi-a-hosgeldin",
        "description": "Yeni kullanıcılara özel hoşgeldin bonusu.",
        "imageUrl": "/uploads/1760732951329-fzch33159aq.jpg",
        "ctaUrl": "https://example.com/campaign/hosgeldin",
        "badgeLabel": null,
        "bonusText": null,
        "bonusAmount": null,
        "tags": [],
        "startDate": null,
        "endDate": null,
        "isActive": true,
        "isFeatured": true,
        "priority": 5,
        "createdAt": "2025-10-19T23:19:10.938Z",
        "updatedAt": "2025-10-21T02:06:45.229Z"
      }
    ],
    "bonuses": [
      {
        "id": "cmgybw3mi0002m4llja67rwyj",
        "title": "Deneme Bonusu 100₺",
        "slug": "deneme-bonusu-100",
        "description": null,
        "shortDescription": null,
        "bonusType": null,
        "gameCategory": null,
        "amount": 100,
        "wager": 10,
        "minDeposit": 0,
        "imageUrl": "/logo.svg",
        "postImageUrl": null,
        "ctaUrl": "https://example.com/bonus/deneme-100",
        "badges": null,
        "validityText": null,
        "startDate": null,
        "endDate": null,
        "features": null,
        "isActive": true,
        "isFeatured": false,
        "priority": 0,
        "createdAt": "2025-10-19T23:19:10.939Z",
        "updatedAt": "2025-10-21T02:06:45.231Z"
      },
      {
        "id": "cmgybw3ml0003m4llhwknrtad",
        "title": "Yatırım Bonusu %50",
        "slug": "yatirim-bonusu-50",
        "description": null,
        "shortDescription": null,
        "bonusType": null,
        "gameCategory": null,
        "amount": 50,
        "wager": 20,
        "minDeposit": 100,
        "imageUrl": "/logo.svg",
        "postImageUrl": null,
        "ctaUrl": "https://example.com/bonus/yatirim-50",
        "badges": null,
        "validityText": null,
        "startDate": null,
        "endDate": null,
        "features": null,
        "isActive": true,
        "isFeatured": false,
        "priority": 0,
        "createdAt": "2025-10-19T23:19:10.941Z",
        "updatedAt": "2025-10-21T02:06:45.231Z"
      },
      {
        "id": "cmgzbv3v70004m4bi5pe4wfnz",
        "title": "100 TL Deneme Bonusu Betewin",
        "slug": "deneme1",
        "description": "Lorem ipsum dolor sit amet, consectetur adipiscing elit. Nunc sagittis ultricies ante a congue. Fusce tempus nulla efficitur fermentum placerat. Nulla facilisi. Donec justo nulla, vulputate venenatis facilisis sit amet, gravida non velit. Duis et nisl blandit, lobortis lectus eu, auctor eros. Aenean condimentum eleifend erat. Ut ullamcorper erat eget mattis ultrices. Nam a nulla pulvinar, pharetra lectus sed, ullamcorper tortor. Duis molestie dictum tortor eget dignissim. Integer non justo in metus molestie venenatis quis ut erat. Morbi convallis arcu eu odio iaculis aliquet. Duis dignissim et velit et sagittis. Nulla pretium consectetur diam, quis pharetra neque elementum semper.",
        "shortDescription": "Çevrim şartsız",
        "bonusType": "Deneme Bonusu",
        "gameCategory": "Sanal",
        "amount": 100,
        "wager": null,
        "minDeposit": 100,
        "imageUrl": "/uploads/1760732946995-ueaubihif6i.png",
        "postImageUrl": "/uploads/1760732983846-ukbov7xncfk.jpg",
        "ctaUrl": "https://www.youtube.com/",
        "badges": [
          "Lisanslı"
        ],
        "validityText": "3 Gün Geçerli",
        "startDate": null,
        "endDate": null,
        "features": [
          "Çevrim Şartsız",
          "Yatırım Gerekmez"
        ],
        "isActive": true,
        "isFeatured": true,
        "priority": 0,
        "createdAt": "2025-10-20T16:06:10.771Z",
        "updatedAt": "2025-10-21T02:06:45.231Z"
      }
    ],
    "partnerSites": [
      {
        "id": "cmgybw3mm0004m4llm1zy6uig",
        "name": "Bahis Sitesi A",
        "slug": "bahis-sitesi-a",
        "logoUrl": "/uploads/1760208951833-pzirqb47aeb.png",
        "rating": 4.5,
        "features": {
          "order": 4
        },
        "siteUrl": "https://example.com/a",
        "isActive": true,
        "createdAt": "2025-10-19T23:19:10.943Z",
        "updatedAt": "2025-10-21T02:06:45.237Z"
      },
      {
        "id": "cmgybw3mn0005m4llvkrszndl",
        "name": "Bahis Sitesi B",
        "slug": "bahis-sitesi-b",
        "logoUrl": "/uploads/1760135736018-solzy5zc0ec.jpg",
        "rating": 4.2,
        "features": {
          "order": 7
        },
        "siteUrl": "https://example.com/b",
        "isActive": true,
        "createdAt": "2025-10-19T23:19:10.944Z",
        "updatedAt": "2025-10-21T02:06:45.237Z"
      },
      {
        "id": "cmgybw3mo0006m4ll24lvfbl0",
        "name": "Demo Site A",
        "slug": "demo-site-a",
        "logoUrl": "/uploads/1760142508155-tg82xw9iaxc.png",
        "rating": 4.7,
        "features": {
          "order": 1
        },
        "siteUrl": "https://example.com/site-a",
        "isActive": true,
        "createdAt": "2025-10-19T23:19:10.944Z",
        "updatedAt": "2025-10-21T02:06:45.237Z"
      },
      {
        "id": "cmgybw3mo0007m4llw5b3k68d",
        "name": "Demo Site B",
        "slug": "demo-site-b",
        "logoUrl": "/uploads/1760144719047-o3nxw03qufr.jpg",
        "rating": 4.3,
        "features": {
          "order": 6
        },
        "siteUrl": "https://example.com/site-b",
        "isActive": true,
        "createdAt": "2025-10-19T23:19:10.945Z",
        "updatedAt": "2025-10-21T02:06:45.237Z"
      },
      {
        "id": "cmgybw3mp0008m4llnkn7t1bv",
        "name": "Demo Site C",
        "slug": "demo-site-c",
        "logoUrl": "/logo.svg",
        "rating": 4.1,
        "features": {
          "order": 9
        },
        "siteUrl": "https://example.com/site-c",
        "isActive": true,
        "createdAt": "2025-10-19T23:19:10.945Z",
        "updatedAt": "2025-10-21T02:06:45.237Z"
      },
      {
        "id": "cmgybw3mq0009m4ll6aoa7grz",
        "name": "Demo Site D",
        "slug": "demo-site-d",
        "logoUrl": "/logo.svg",
        "rating": 3.9,
        "features": {
          "order": 11
        },
        "siteUrl": "https://example.com/site-d",
        "isActive": true,
        "createdAt": "2025-10-19T23:19:10.947Z",
        "updatedAt": "2025-10-21T02:06:45.237Z"
      },
      {
        "id": "cmgybw3mr000am4ll05ommd8p",
        "name": "Demo Site E",
        "slug": "demo-site-e",
        "logoUrl": "/logo.svg",
        "rating": 4,
        "features": {
          "order": 10
        },
        "siteUrl": "https://example.com/site-e",
        "isActive": true,
        "createdAt": "2025-10-19T23:19:10.947Z",
        "updatedAt": "2025-10-21T02:06:45.237Z"
      },
      {
        "id": "cmgybw3mr000bm4llmdjca86j",
        "name": "Demo Site F",
        "slug": "demo-site-f",
        "logoUrl": "/logo.svg",
        "rating": 3.8,
        "features": {
          "order": 12
        },
        "siteUrl": "https://example.com/site-f",
        "isActive": true,
        "createdAt": "2025-10-19T23:19:10.948Z",
        "updatedAt": "2025-10-21T02:06:45.237Z"
      },
      {
        "id": "cmgybw3ms000cm4llwcr9gavj",
        "name": "Demo Site G",
        "slug": "demo-site-g",
        "logoUrl": "/logo.svg",
        "rating": 4.4,
        "features": {
          "order": 5
        },
        "siteUrl": "https://example.com/site-g",
        "isActive": true,
        "createdAt": "2025-10-19T23:19:10.948Z",
        "updatedAt": "2025-10-21T02:06:45.237Z"
      },
      {
        "id": "cmgybw3ms000dm4lldv1bf0z9",
        "name": "Demo Site H",
        "slug": "demo-site-h",
        "logoUrl": "/logo.svg",
        "rating": 3.7,
        "features": {
          "order": 13
        },
        "siteUrl": "https://example.com/site-h",
        "isActive": true,
        "createdAt": "2025-10-19T23:19:10.949Z",
        "updatedAt": "2025-10-21T02:06:45.237Z"
      },
      {
        "id": "cmgybw3mt000em4lljof5oqz3",
        "name": "Demo Site I",
        "slug": "demo-site-i",
        "logoUrl": "/logo.svg",
        "rating": 3.6,
        "features": {
          "order": 14
        },
        "siteUrl": "https://example.com/site-i",
        "isActive": true,
        "createdAt": "2025-10-19T23:19:10.949Z",
        "updatedAt": "2025-10-21T02:06:45.237Z"
      },
      {
        "id": "cmgybw3mt000fm4llmgrxo0cx",
        "name": "Demo Site J",
        "slug": "demo-site-j",
        "logoUrl": "/logo.svg",
        "rating": 4.6,
        "features": {
          "order": 3
        },
        "siteUrl": "https://example.com/site-j",
        "isActive": true,
        "createdAt": "2025-10-19T23:19:10.950Z",
        "updatedAt": "2025-10-21T02:06:45.237Z"
      },
      {
        "id": "cmgybw3mu000gm4lljzkur4ka",
        "name": "Demo Site K",
        "slug": "demo-site-k",
        "logoUrl": "/logo.svg",
        "rating": 4.2,
        "features": {
          "order": 8
        },
        "siteUrl": "https://example.com/site-k",
        "isActive": true,
        "createdAt": "2025-10-19T23:19:10.950Z",
        "updatedAt": "2025-10-21T02:06:45.237Z"
      },
      {
        "id": "cmgybw3mv000hm4llqdlnitvi",
        "name": "Demo Site L",
        "slug": "demo-site-l",
        "logoUrl": "/logo.svg",
        "rating": 3.5,
        "features": {
          "order": 15
        },
        "siteUrl": "https://example.com/site-l",
        "isActive": true,
        "createdAt": "2025-10-19T23:19:10.951Z",
        "updatedAt": "2025-10-21T02:06:45.237Z"
      },
      {
        "id": "cmgybw3mw000im4ll93y0546s",
        "name": "Demo Site M",
        "slug": "demo-site-m",
        "logoUrl": "/logo.svg",
        "rating": 4.8,
        "features": {
          "order": 2
        },
        "siteUrl": "https://example.com/site-m",
        "isActive": true,
        "createdAt": "2025-10-19T23:19:10.952Z",
        "updatedAt": "2025-10-21T02:06:45.237Z"
      },
      {
        "id": "cmgybw3mx000jm4llaoc4ll9j",
        "name": "Demo Site N",
        "slug": "demo-site-n",
        "logoUrl": "/logo.svg",
        "rating": 3.4,
        "features": {
          "order": 16
        },
        "siteUrl": "https://example.com/site-n",
        "isActive": true,
        "createdAt": "2025-10-19T23:19:10.953Z",
        "updatedAt": "2025-10-21T02:06:45.237Z"
      }
    ],
    "carouselSlides": [
      {
        "id": "cmgybw3mz000km4ll882gket2",
        "title": "Demo Slide A",
        "subtitle": "Uploads görseli",
        "imageUrl": "/uploads/1760137839229-yam6716sfc.jpg",
        "desktopImageUrl": null,
        "mobileImageUrl": null,
        "ctaLabel": "İncele",
        "ctaUrl": "/anlasmali-siteler",
        "order": 1,
        "isActive": true,
        "createdAt": "2025-10-19T23:19:10.955Z",
        "updatedAt": "2025-10-21T02:06:45.244Z"
      },
      {
        "id": "cmgybw3n1000lm4llmil049oa",
        "title": "Demo Slide B",
        "subtitle": "Uploads görseli",
        "imageUrl": "/uploads/1760137210476-smkahwqjnz.jpg",
        "desktopImageUrl": null,
        "mobileImageUrl": null,
        "ctaLabel": "Detay",
        "ctaUrl": "/anlasmali-siteler",
        "order": 2,
        "isActive": true,
        "createdAt": "2025-10-19T23:19:10.957Z",
        "updatedAt": "2025-10-21T02:06:45.244Z"
      },
      {
        "id": "cmgybw3n2000mm4ll1f6vv3od",
        "title": "Demo Slide C",
        "subtitle": "Uploads görseli",
        "imageUrl": "/uploads/1760142508155-tg82xw9iaxc.png",
        "desktopImageUrl": null,
        "mobileImageUrl": null,
        "ctaLabel": "Gör",
        "ctaUrl": "/anlasmali-siteler",
        "order": 3,
        "isActive": true,
        "createdAt": "2025-10-19T23:19:10.958Z",
        "updatedAt": "2025-10-21T02:06:45.244Z"
      },
      {
        "id": "cmgybw3n3000nm4llxny8vr0m",
        "title": "Demo Slide D",
        "subtitle": "Uploads görseli",
        "imageUrl": "/uploads/1760144719047-o3nxw03qufr.jpg",
        "desktopImageUrl": null,
        "mobileImageUrl": null,
        "ctaLabel": "Keşfet",
        "ctaUrl": "/anlasmali-siteler",
        "order": 4,
        "isActive": true,
        "createdAt": "2025-10-19T23:19:10.959Z",
        "updatedAt": "2025-10-21T02:06:45.244Z"
      }
    ],
    "marqueeLogos": [
      {
        "id": "cmgybw3n3000om4lljhth6crk",
        "imageUrl": "/uploads/1760142508155-tg82xw9iaxc.png",
        "href": "https://example.com/demo-a",
        "order": 1,
        "isActive": true,
        "createdAt": "2025-10-19T23:19:10.960Z",
        "updatedAt": "2025-10-21T02:06:45.247Z"
      },
      {
        "id": "cmgybw3n4000pm4llz6noxooq",
        "imageUrl": "/uploads/1760144719047-o3nxw03qufr.jpg",
        "href": "https://example.com/demo-b",
        "order": 2,
        "isActive": true,
        "createdAt": "2025-10-19T23:19:10.960Z",
        "updatedAt": "2025-10-21T02:06:45.247Z"
      }
    ],
    "seoSettings": [],
    "telegramGroups": [
      {
        "id": "cmgzhgxwp0000m4v44otvg8qg",
        "name": "Test",
        "members": 1500,
        "membersText": "15000",
        "imageUrl": "/uploads/1760742348493-0kyvvulnmrb.png",
        "ctaUrl": "http://localhost:3004/",
        "type": "GROUP",
        "isFeatured": false,
        "badges": [
          "Güvenilir"
        ],
        "createdAt": "2025-10-20T18:43:07.561Z",
        "updatedAt": "2025-10-21T02:06:45.249Z"
      }
    ],
    "reviewBrands": [
      {
        "id": "cmgzbpl3i0000m4biwxqbcqjj",
        "name": "trwin",
        "slug": "trwin",
        "logoUrl": "/uploads/1760732946995-ueaubihif6i.png",
        "editorialSummary": "Lorem ipsum dolor sit amet, consectetur adipiscing elit. Quisque lacus nunc, malesuada at quam a, faucibus elementum dui. Praesent fringilla, augue eu cursus molestie, nunc nisi pulvinar tellus, at dictum odio metus vitae risus. Vestibulum volutpat eleifend leo quis iaculis. Vestibulum pharetra, nisl non ultricies rutrum, orci ligula ultricies sem, ut tincidunt lectus tellus in lectus. Curabitur posuere arcu dui, vel sodales eros lobortis non. Vestibulum lobortis aliquam nulla, quis luctus odio faucibus ut. Cras porttitor sapien lorem, vel interdum ipsum elementum nec. Praesent iaculis, turpis sit amet fringilla placerat, nulla lacus rhoncus massa, ac sodales massa ipsum at nisl. Mauris sed eleifend dolor, vel bibendum ex. Donec placerat sit amet orci vitae ullamcorper. Phasellus sed ex nisi.",
        "siteUrl": "https://www.google.com/",
        "isActive": true,
        "createdAt": "2025-10-20T16:01:53.167Z",
        "updatedAt": "2025-10-21T02:06:45.222Z"
      },
      {
        "id": "cmgzpxqt00000m4apvagi5u1s",
        "name": "Betewin",
        "slug": "betewin",
        "logoUrl": "/uploads/1760657878298-1e9xw9zce0j.png",
        "editorialSummary": null,
        "siteUrl": null,
        "isActive": true,
        "createdAt": "2025-10-20T22:40:08.437Z",
        "updatedAt": "2025-10-21T02:06:45.222Z"
      }
    ],
    "siteReviews": [
      {
        "id": "cmgzi7oqn0001m4ydr8a5ljuc",
        "brandId": "cmgzbpl3i0000m4biwxqbcqjj",
        "author": null,
        "isAnonymous": true,
        "rating": null,
        "isPositive": true,
        "content": "Test aadasdasd",
        "isApproved": true,
        "isRejected": false,
        "helpfulCount": 0,
        "notHelpfulCount": 0,
        "repliedBy": null,
        "replyText": null,
        "repliedAt": null,
        "avatarUrl": "https://api.dicebear.com/9.x/adventurer-neutral/svg?seed=d2c74cb3-5cc1-4587-b6e8-4a0d54171bc4&size=64&radius=50&backgroundType=gradientLinear",
        "createdAt": "2025-10-20T19:03:55.391Z",
        "updatedAt": "2025-10-21T14:46:33.960Z"
      },
      {
        "id": "cmh0ofj8n0001m4utkzhk0qoq",
        "brandId": "cmgzpxqt00000m4apvagi5u1s",
        "author": null,
        "isAnonymous": true,
        "rating": null,
        "isPositive": true,
        "content": "test ediyorum başkan",
        "isApproved": true,
        "isRejected": false,
        "helpfulCount": 0,
        "notHelpfulCount": 0,
        "repliedBy": null,
        "replyText": null,
        "repliedAt": null,
        "avatarUrl": "https://api.dicebear.com/9.x/adventurer-neutral/svg?seed=99130e88-3fe8-4367-9359-f06fe9ddf209&size=64&radius=50&backgroundType=gradientLinear",
        "createdAt": "2025-10-21T14:45:45.383Z",
        "updatedAt": "2025-10-21T14:46:30.778Z"
      },
      {
        "id": "cmh0ofosn0003m4utovskbgmz",
        "brandId": "cmgzpxqt00000m4apvagi5u1s",
        "author": null,
        "isAnonymous": true,
        "rating": null,
        "isPositive": true,
        "content": "kırmanci",
        "isApproved": true,
        "isRejected": false,
        "helpfulCount": 0,
        "notHelpfulCount": 0,
        "repliedBy": null,
        "replyText": null,
        "repliedAt": null,
        "avatarUrl": "https://api.dicebear.com/9.x/adventurer-neutral/svg?seed=698a9408-a839-4c89-bd6f-11f1960e546f&size=64&radius=50&backgroundType=gradientLinear",
        "createdAt": "2025-10-21T14:45:52.584Z",
        "updatedAt": "2025-10-21T14:46:18.520Z"
      },
      {
        "id": "cmh0ofujr0005m4ut9kq62dcb",
        "brandId": "cmgzpxqt00000m4apvagi5u1s",
        "author": null,
        "isAnonymous": true,
        "rating": null,
        "isPositive": false,
        "content": "bak bu da testtir he",
        "isApproved": true,
        "isRejected": false,
        "helpfulCount": 0,
        "notHelpfulCount": 0,
        "repliedBy": null,
        "replyText": null,
        "repliedAt": null,
        "avatarUrl": "https://api.dicebear.com/9.x/adventurer-neutral/svg?seed=e4cb7d1c-5f32-4ae2-8210-037bb1216d54&size=64&radius=50&backgroundType=gradientLinear",
        "createdAt": "2025-10-21T14:46:00.039Z",
        "updatedAt": "2025-10-21T14:46:18.520Z"
      }
    ],
    "telegramSuggestions": [
      {
        "id": "cmh0vnmdc0002i0rfcibvpyom",
        "name": "test",
        "ctaUrl": "https://t.me/@kuponbazsohbet",
        "adminUsername": null,
        "members": null,
        "imageUrl": null,
        "type": "GROUP",
        "isApproved": false,
        "isRejected": false,
        "createdAt": "2025-10-21T18:08:00.000Z",
        "updatedAt": "2025-10-21T18:08:00.000Z"
      }
    ],
    "analyticsCodes": [
      {
        "id": "cmgyf7u9q0000m46itxkl7fu1",
        "name": "Test Valid Inject",
        "type": "custom",
        "code": "<script>console.log(2)</script>",
        "injectTo": "head",
        "isActive": true,
        "createdAt": "2025-10-20T00:52:17.533Z",
        "updatedAt": "2025-10-21T02:06:45.251Z"
      }
    ],
    "affiliateLinks": [
      {
        "id": "cmgyezb0l0004m4306qkeho7t",
        "title": "İkasBet",
        "slug": "ikasbet",
        "targetUrl": "https://ws.tc/ikashokkabazgrs",
        "clicks": 0,
        "isManual": true,
        "createdAt": "2025-10-20T00:45:39.334Z",
        "updatedAt": "2025-10-21T19:36:31.408Z"
      },
      {
        "id": "cmgzbqfvf0001m4bid5in2298",
        "title": "www.google.com",
        "slug": "www-google-com",
        "targetUrl": "https://www.google.com/",
        "clicks": 0,
        "isManual": false,
        "createdAt": "2025-10-20T16:02:33.052Z",
        "updatedAt": "2025-10-21T19:36:31.408Z"
      },
      {
        "id": "cmgzccxqy0005m4biecbxgpc7",
        "title": "www.youtube.com",
        "slug": "www-youtube-com",
        "targetUrl": "https://www.youtube.com/",
        "clicks": 0,
        "isManual": false,
        "createdAt": "2025-10-20T16:20:02.650Z",
        "updatedAt": "2025-10-21T19:36:31.408Z"
      },
      {
        "id": "cmgzi8h6r0002m4ydsws8ksw9",
        "title": "localhost",
        "slug": "localhost",
        "targetUrl": "http://localhost:3004/",
        "clicks": 0,
        "isManual": false,
        "createdAt": "2025-10-20T19:04:32.260Z",
        "updatedAt": "2025-10-21T19:36:31.408Z"
      },
      {
        "id": "cmh0uqv1a0000i0rfr1limcde",
        "title": "AnadoluSlot Aff",
        "slug": "anadolu",
        "targetUrl": "https://www.20aff.com/?aff=10993&utm_source=telegram&utm_medium=group&utm_campaign=Anadolu",
        "clicks": 0,
        "isManual": true,
        "createdAt": "2025-10-21T17:42:31.582Z",
        "updatedAt": "2025-10-21T19:36:31.408Z"
      },
      {
        "id": "cmh0ur8sn0001i0rff26m32ro",
        "title": "TRWin Aff",
        "slug": "trwin",
        "targetUrl": "https://www.20aff.com/?aff=10992&utm_source=telegram&utm_medium=grup&utm_campaign=TRwin",
        "clicks": 0,
        "isManual": true,
        "createdAt": "2025-10-21T17:42:49.415Z",
        "updatedAt": "2025-10-21T19:36:31.408Z"
      },
      {
        "id": "cmh0xdmmn0000i0ji6eg34xvr",
        "title": "t.me",
        "slug": "t-me-r577e3x2dhixnjdk",
        "targetUrl": "https://t.me/+r577e3x2dhIxNjdk",
        "clicks": 0,
        "isManual": false,
        "createdAt": "2025-10-21T18:56:13.005Z",
        "updatedAt": "2025-10-21T19:36:31.408Z"
      }
    ],
    "affiliateClicks": [],
    "bankoCoupons": [
      {
        "id": "cmgzynkj50000m4u5njb7pdxa",
        "title": "Banko Kupon #1",
        "date": "2025-10-21T00:00:00.000Z",
        "publishedAt": "2025-10-21T02:44:10.288Z",
        "isActive": true,
        "totalOdd": 6.24,
        "status": "WON",
        "upVotes": 0,
        "downVotes": 0,
        "createdAt": "2025-10-21T02:44:10.289Z",
        "updatedAt": "2025-10-21T02:44:10.289Z"
      }
    ],
    "bankoMatches": [
      {
        "id": "cmgzynkj50001m4u5ri4qfhzo",
        "couponId": "cmgzynkj50000m4u5njb7pdxa",
        "homeTeam": "Fenerbahçe",
        "awayTeam": "Galatasaray",
        "league": null,
        "startTime": "2025-10-20T23:43:00.000Z",
        "prediction": "2.5 Üst",
        "odd": 1.8,
        "resultScore": "3-2",
        "result": "WON",
        "createdAt": "2025-10-21T02:44:10.289Z",
        "updatedAt": "2025-10-21T02:44:10.289Z"
      },
      {
        "id": "cmgzynkj60002m4u57gpk67nu",
        "couponId": "cmgzynkj50000m4u5njb7pdxa",
        "homeTeam": "Manchester Utd",
        "awayTeam": "Chelsea",
        "league": null,
        "startTime": "2025-10-20T23:43:00.000Z",
        "prediction": "KG Var",
        "odd": 1.65,
        "resultScore": "1-1",
        "result": "WON",
        "createdAt": "2025-10-21T02:44:10.289Z",
        "updatedAt": "2025-10-21T02:44:10.289Z"
      },
      {
        "id": "cmgzynkj60003m4u5jb65ze8f",
        "couponId": "cmgzynkj50000m4u5njb7pdxa",
        "homeTeam": "Real Madrid",
        "awayTeam": "Barcelona",
        "league": null,
        "startTime": "2025-10-20T23:43:00.000Z",
        "prediction": "1",
        "odd": 2.1,
        "resultScore": "1-2",
        "result": "WON",
        "createdAt": "2025-10-21T02:44:10.289Z",
        "updatedAt": "2025-10-21T02:44:10.289Z"
      }
    ]
  }
}